{"siteAuthor":"Oracle","itemGUID":"S78A5A3C1098C2893227CD3DD4018AFDB5A0208E7CDD","numUpdates":"0","siteLongDescription":"This template illustrates a representation of \"How an organisation will create its own My Sites website which facilitates the company Employees and contains all the information needed to setup their own sites\". \n\nThe template includes multiple sample page organisations that all adhere to a consistent visual theme. Use this template as starting point to present resources of any kind. Copy the existing pages and replace the demo content to quickly create a portal through which to share content internally or externally.","siteName":"Empty-Template"}