{"properties":{"title":"","pageLayout":"index.html","pageDescription":"","keywords":"","hideFromSearchEngines":false,"header":"","footer":"","noIndex":false,"noFollow":false,"noArchive":false,"noSnippet":false,"isCobrowseEnabled":false},"slots":{"overlay":{"components":[],"grid":""},"background":{"components":[],"grid":"","styles":["background-attachment:scroll","background-color:","background-position:left top","background-repeat:no-repeat","background-size:cover"]},"content2":{"components":["c6abd26d-28b4-4be1-930c-18370cf566d0"],"grid":"<div class=\"scs-row\"><div class=\"scs-col\" style=\"width: 100%;\"><div id=\"c6abd26d-28b4-4be1-930c-18370cf566d0\"></div></div></div>"},"content":{"components":[],"grid":""},"footer":{"components":["dbb14fbb-fc3a-4915-b155-7ea53053a7fe"],"grid":"<div class=\"scs-row\"><div class=\"scs-col\" style=\"width: 100%;\"><div id=\"dbb14fbb-fc3a-4915-b155-7ea53053a7fe\"></div></div></div>","styles":["background-attachment:scroll","background-color:","background-position:left top","background-repeat:no-repeat","background-size:auto"]},"logocontainer":{"components":["ba03c58e-a4a1-4851-a63b-38b8ea57f18a"],"grid":"<div class=\"scs-row\"><div class=\"scs-col\" style=\"width: 100%;\"><div id=\"ba03c58e-a4a1-4851-a63b-38b8ea57f18a\"></div></div></div>","styles":["background-attachment:scroll","background-color:","background-position:left top","background-repeat:no-repeat","background-size:auto"]},"currentUser":{"components":["a6b4ef08-d4fe-4b86-af48-fe7d16aa3534"],"grid":"<div class=\"scs-row\"><div class=\"scs-col\" style=\"width: 100%;\"><div id=\"a6b4ef08-d4fe-4b86-af48-fe7d16aa3534\"></div></div></div>"},"headline":{"components":["bd08b6fb-3236-410f-bbab-d7b150b4cca4"],"grid":"<div class=\"scs-row\"><div class=\"scs-col\" style=\"width: 100%;\"><div id=\"bd08b6fb-3236-410f-bbab-d7b150b4cca4\"></div></div></div>","styles":["background-attachment:scroll","background-color:","background-position:center top","background-repeat:no-repeat","background-size:cover"]},"Content":{"components":["a089152a-e7a5-42b5-b755-0a90409c282f"],"grid":"<div class=\"scs-row\"><div class=\"scs-col\" style=\"width: 100%;\"><div id=\"a089152a-e7a5-42b5-b755-0a90409c282f\"></div></div></div>"},"contentcontainer1":{"components":[],"grid":""},"contentcontainer2":{"components":[],"grid":""},"searchcontainer":{"components":[],"grid":""},"navMenu":{"components":["ff15e93b-d898-4ecf-af2d-49874f70892c"],"grid":"<div class=\"scs-row\"><div class=\"scs-col\" style=\"width: 100%;\"><div id=\"ff15e93b-d898-4ecf-af2d-49874f70892c\"></div></div></div>"}},"componentInstances":{"c6abd26d-28b4-4be1-930c-18370cf566d0":{"type":"scs-paragraph","id":"scs-paragraph","data":{"actions":"","alignment":"fill","backgroundColor":"","borderColor":"#808080","borderRadius":0,"borderStyle":"none","borderWidth":1,"fontColor":"#333333","fontFamily":"'Helvetica Neue', Helvetica, Arial, sans-serif","fontSize":16,"marginBottom":5,"marginLeft":5,"marginRight":5,"marginTop":5,"placeholderText":"","styleClass":"","useStyleClass":"true","userText":"<div>Content</div>","visible":true,"width":400}},"ff15e93b-d898-4ecf-af2d-49874f70892c":{"type":"scs-component","id":"CSINavMenu","data":{"actions":"","alignment":"fill","assets":"","borderColor":"#808080","borderRadius":0,"borderStyle":"none","borderWidth":1,"componentId":"navMenu","componentName":"Navigation Menu Component","componentFactory":"","componentLayout":"default","contentId":"","contentLayoutCategory":"","contentPlaceholder":false,"contentTypes":[],"contentViewing":"","customSettingsData":{"externalSiteEnabled":false},"componentConfig":{"id":"NavMenu-component","settingsData":{"settingsWidth":350,"settingsRenderOption":"dialog","componentLayouts":[],"actions":[]},"initialData":{"componentId":"navMenu","componentName":"Navigation Menu Component","componentLayout":"default","marginBottom":0,"marginLeft":0,"marginRight":0,"marginTop":0,"customSettingsData":{"externalSiteEnabled":false},"nestedComponents":[]}},"description":"","detailPageId":"","height":"","initialized":true,"isCaaSLayout":false,"linkType":"scs-link-action","marginBottom":0,"marginLeft":0,"marginRight":0,"marginTop":0,"nestedComponents":[],"styleClass":"","styleClassName":"","seeded":false,"useStyleClass":"true","visible":true,"visibleNestedComponents":[],"width":0}},"a6b4ef08-d4fe-4b86-af48-fe7d16aa3534":{"type":"scs-button","id":"scs-button","data":{"actions":[],"alignment":"right","backgroundColor":"#DDDDDD","backgroundColorHover":"#EEEEEE","borderColor":"#808080","borderColorHover":"#2222DD","borderRadius":0,"borderStyle":"solid","borderWidth":1,"fontColor":"#000000","fontColorHover":"#2222DD","fontFamily":"'Helvetica Neue', Helvetica, Arial, sans-serif","fontSize":14,"height":0,"href":"","hrefContentViewing":"","hrefName":"","isCobrowse":"","linkType":"scs-link-no-link","marginBottom":5,"marginLeft":5,"marginRight":5,"marginTop":5,"styleClass":"","styleClassName":"","target":"_self","text":"REQUEST A DEMO","title":"DemoRequest","useStyleClass":"true","visible":true,"width":0}},"ba03c58e-a4a1-4851-a63b-38b8ea57f18a":{"type":"scs-image","id":"scs-image","data":{"alignment":"left","altText":"","borderColor":"#808080","borderRadius":0,"borderStyle":"none","borderWidth":1,"caption":"","contentViewing":"","imageHref":"","imageHrefContentViewing":"","imageHrefName":"","imageName":"LOGO.png","imageTarget":"_self","imageUrl":"/documents/link/web?IdcService=GET_FILE&dLinkID=LDDC84B554B54B0B5871E07CD4018AFDB5A0208E7CDD&item=fFileGUID:D61CB0347E8305C33843E2DBD4018AFDB5A0208E7CDD&scsOriginalFileName=LOGO.png","linkType":"scs-link-no-link","marginBottom":5,"marginLeft":5,"marginRight":5,"marginTop":5,"styleClass":"","title":"","useStyleClass":"true","visible":true,"width":150}},"a089152a-e7a5-42b5-b755-0a90409c282f":{"type":"scs-sectionlayout","id":"scs-sl-vertical","data":{"componentFactory":"scs-vertical","components":["aac05cf5-9b7e-47da-a92f-2c00b000ebbe","c799008e-dd19-4f92-8e0f-61bf13a1ebc0","adae4c7c-cdd2-4512-96fb-27ce28eb0d77","b504fb1b-9ff6-4d5a-a4a2-5c8f3ff707b5"]}},"aac05cf5-9b7e-47da-a92f-2c00b000ebbe":{"type":"scs-sectionlayout","id":"scs-sl-two-columns","data":{"componentFactory":"scs-two-columns","customSettingsData":{"behavior":"stack12","columnWidth1":20,"columnWidth2":80,"breakpoint":767},"components":["c52c1a3c-0131-4960-b922-9416c4f1e1cf","aa0ee99f-0e3e-4db4-ba8a-020b0174653d"],"borderColor":"#808080","borderRadius":0,"borderStyle":"none","borderWidth":1,"styleClass":"","useStyleClass":"true","styles":["background-attachment:scroll","background-color:","background-position:left top","background-repeat:no-repeat","background-size:auto"]}},"c52c1a3c-0131-4960-b922-9416c4f1e1cf":{"type":"scs-componentgroup","id":"scs-componentgroup","data":{"allowMove":false,"components":["b352a26a-184a-4ce7-bc6d-24abcaf23066"],"grid":"<div class=\"scs-row\"><div class=\"scs-col\" style=\"width: 100%;\"><div id=\"b352a26a-184a-4ce7-bc6d-24abcaf23066\"></div></div></div>"}},"aa0ee99f-0e3e-4db4-ba8a-020b0174653d":{"type":"scs-componentgroup","id":"scs-componentgroup","data":{"allowMove":false,"components":["b39842ad-39ab-4a5c-8db1-4eca096ad26a"],"grid":"<div class=\"scs-row\"><div class=\"scs-col\" style=\"width: 100%;\"><div id=\"b39842ad-39ab-4a5c-8db1-4eca096ad26a\"></div></div></div>"}},"c799008e-dd19-4f92-8e0f-61bf13a1ebc0":{"type":"scs-sectionlayout","id":"scs-sl-two-columns","data":{"componentFactory":"scs-two-columns","customSettingsData":{"columnWidth1":80,"columnWidth2":21},"components":["e74d05b4-b2dd-4f26-96d2-fac623e3dced","ade5b5ef-b353-41e2-9feb-e76abb9e0ec2"],"borderColor":"#808080","borderRadius":0,"borderStyle":"none","borderWidth":1,"styleClass":"","useStyleClass":"true","styles":["background-attachment:scroll","background-color:#d3d3d3","background-position:left top","background-repeat:no-repeat","background-size:auto"]}},"e74d05b4-b2dd-4f26-96d2-fac623e3dced":{"type":"scs-componentgroup","id":"scs-componentgroup","data":{"allowMove":false,"components":["ca9035b1-6678-428c-9932-09ecf54f3e14"],"grid":"<div class=\"scs-row\"><div class=\"scs-col\" style=\"width: 100%;\"><div id=\"ca9035b1-6678-428c-9932-09ecf54f3e14\"></div></div></div>"}},"ade5b5ef-b353-41e2-9feb-e76abb9e0ec2":{"type":"scs-componentgroup","id":"scs-componentgroup","data":{"allowMove":false,"components":["ab6f340b-51e4-405b-827b-5ccd73934e7a"],"grid":"<div class=\"scs-row\"><div class=\"scs-col\" style=\"width: 100%;\"><div id=\"ab6f340b-51e4-405b-827b-5ccd73934e7a\"></div></div></div>"}},"adae4c7c-cdd2-4512-96fb-27ce28eb0d77":{"type":"scs-sectionlayout","id":"scs-sl-two-columns","data":{"componentFactory":"scs-two-columns","customSettingsData":{"columnWidth1":20,"columnWidth2":80},"components":["fa2a3db1-a9a8-41ae-8a74-ed874965fd8e","d8289feb-53f7-4423-bf4e-cf53dbddfaa5"],"borderColor":"#808080","borderRadius":0,"borderStyle":"none","borderWidth":1,"styleClass":"","useStyleClass":"true","styles":["background-attachment:scroll","background-color:","background-position:left top","background-repeat:no-repeat","background-size:auto"]}},"fa2a3db1-a9a8-41ae-8a74-ed874965fd8e":{"type":"scs-componentgroup","id":"scs-componentgroup","data":{"allowMove":false,"components":["c810d8a3-06a2-4f39-bb82-517d21e31ba2"],"grid":"<div class=\"scs-row\"><div class=\"scs-col\" style=\"width: 100%;\"><div id=\"c810d8a3-06a2-4f39-bb82-517d21e31ba2\"></div></div></div>"}},"d8289feb-53f7-4423-bf4e-cf53dbddfaa5":{"type":"scs-componentgroup","id":"scs-componentgroup","data":{"allowMove":false,"components":["aa433b31-66f9-438d-b32a-72308ecb2978"],"grid":"<div class=\"scs-row\"><div class=\"scs-col\" style=\"width: 100%;\"><div id=\"aa433b31-66f9-438d-b32a-72308ecb2978\"></div></div></div>"}},"b504fb1b-9ff6-4d5a-a4a2-5c8f3ff707b5":{"type":"scs-sectionlayout","id":"scs-sl-two-columns","data":{"componentFactory":"scs-two-columns","customSettingsData":{"columnWidth1":80,"columnWidth2":20},"components":["b0aebf60-c48c-4f7e-bc60-d1f0d042cde3","a3ec233a-1cd8-4755-bf24-b5cb87264351"],"borderColor":"#808080","borderRadius":0,"borderStyle":"none","borderWidth":1,"styleClass":"","useStyleClass":"true","styles":["background-attachment:scroll","background-color:#d3d3d3","background-position:left top","background-repeat:no-repeat","background-size:auto"]}},"b0aebf60-c48c-4f7e-bc60-d1f0d042cde3":{"type":"scs-componentgroup","id":"scs-componentgroup","data":{"allowMove":false,"components":["a3237436-1c6b-4fc3-9602-7d8a6fa4c0fa"],"grid":"<div class=\"scs-row\"><div class=\"scs-col\" style=\"width: 100%;\"><div id=\"a3237436-1c6b-4fc3-9602-7d8a6fa4c0fa\"></div></div></div>"}},"a3ec233a-1cd8-4755-bf24-b5cb87264351":{"type":"scs-componentgroup","id":"scs-componentgroup","data":{"allowMove":false,"components":["e4873e92-7fe0-4488-a9ff-466b30905700"],"grid":"<div class=\"scs-row\"><div class=\"scs-col\" style=\"width: 100%;\"><div id=\"e4873e92-7fe0-4488-a9ff-466b30905700\"></div></div></div>"}},"c1d867c3-e54b-4a42-8bc8-bf0e92f5d355":{"type":"scs-socialbar","id":"scs-socialbar","data":{"alignment":"center","backgroundColor":"","borderColor":"#808080","borderRadius":0,"borderStyle":"none","borderWidth":1,"iconSize":28,"iconSpacing":10,"images":[{"source":"","name":"COMP_ICON_FACEBOOK","class":"scs-facebook-icon","title":"","altText":"","description":"","link":"http://www.facebook.com","target":["_blank"]},{"source":"","name":"COMP_ICON_LINKEDIN","class":"scs-linkedin-icon","title":"","altText":"","description":"","link":"http://www.linkedin.com","target":["_blank"]},{"source":"","name":"COMP_ICON_TWITTER","class":"scs-twitter-icon","title":"","altText":"","description":"","link":"http://www.twitter.com","target":["_blank"]},{"source":"","name":"COMP_ICON_GOOGLEPLUS","class":"scs-googleplus-icon","title":"","altText":"","description":"","link":"http://plus.google.com","target":["_blank"]},{"source":"","name":"COMP_ICON_YOUTUBE","class":"scs-youtube-icon","title":"","altText":"","description":"","link":"http://www.youtube.com","target":["_blank"]}],"layout":"horizontal","marginBottom":50,"marginLeft":50,"marginRight":50,"marginTop":50,"styleClass":"","useStyleClass":"true","visible":true}},"b444f4ce-ba5b-4bd1-9bd8-981df021e46c":{"type":"scs-title","id":"scs-title","data":{"alignment":"fill","backgroundColor":"","borderColor":"#808080","borderRadius":0,"borderStyle":"none","borderWidth":1,"fontColor":"#333333","fontFamily":"'Helvetica Neue', Helvetica, Arial, sans-serif","fontSize":24,"innerHTML":"<div><!-- ko if: visible --><div class=\"scs-title  scs-component scs-title-default-style\" style=\"margin-top:33px;margin-right:50px;margin-bottom:50px;margin-left:50px;\"><div class=\"scs-component-content\" data-bind=\"scsCompSetupLightbox\" style=\"text-align:left;width:100%;\"><div class=\"scs-title-text\" style=\"\"><div><span style=\"font-family:Verdana,Geneva,sans-serif\"><span style=\"font-size:20px\">COPYRIGHT © 2017 &lt;COMPANY NAME&gt;</span></span></div></div></div></div><!-- /ko --></div>","marginBottom":50,"marginLeft":50,"marginRight":50,"marginTop":33,"placeholderText":"","styleClass":"","styleClassName":"","styleClassTag":"","toolbarGroups":"","useStyleClass":"true","userText":"<div><span style=\"font-family:Verdana,Geneva,sans-serif\"><span style=\"font-size:20px\">COPYRIGHT © 2017 &lt;COMPANY NAME&gt;</span></span></div>","visible":true,"width":400}},"a9f92ec1-1c09-4be4-a05c-cce38f40394a":{"type":"scs-componentgroup","id":"FooterBar","data":{"className":"","components":["c1d867c3-e54b-4a42-8bc8-bf0e92f5d355","b444f4ce-ba5b-4bd1-9bd8-981df021e46c"],"grid":"<div class=\"scs-row\"><div class=\"scs-col\" style=\"width: 50%;\"><div id=\"c1d867c3-e54b-4a42-8bc8-bf0e92f5d355\"></div></div><div class=\"scs-col\" style=\"width: 50%;\"><div id=\"b444f4ce-ba5b-4bd1-9bd8-981df021e46c\"></div></div></div>","borderColor":"#808080","borderRadius":0,"borderStyle":"none","borderWidth":1,"styleClass":"","useStyleClass":"true","styles":["background-attachment:scroll","background-color:#374a58","background-position:left top","background-repeat:no-repeat","background-size:auto"]}},"bd08b6fb-3236-410f-bbab-d7b150b4cca4":{"type":"scs-sectionlayout","id":"scs-sl-three-columns","data":{"componentFactory":"scs-three-columns","customSettingsData":{"columnWidth1":30,"columnWidth2":20,"columnWidth3":50,"stackColumns":false,"hideColumn1":false,"hideColumn2":false,"hideColumn3":false},"components":["b2c0d8ae-19ee-43a1-aa6a-391fe23c3428","b408c1e8-e922-44c4-9d56-cbfcf9375b22","a030329f-1b67-4c52-9a68-b5362485ccf4"],"borderColor":"#808080","borderRadius":0,"borderStyle":"none","borderWidth":1,"styleClass":"","useStyleClass":"true","styles":["background-attachment:scroll","background-color:","background-image:url(\"[!--$SCS_CONTENT_URL--]/Background-1432440000035835.png\")","background-position:center","background-repeat:no-repeat","background-size:cover"]}},"b2c0d8ae-19ee-43a1-aa6a-391fe23c3428":{"type":"scs-componentgroup","id":"scs-componentgroup","data":{"components":["bb0ee4a5-059c-4fd4-ba4f-cf41d5e58957"],"grid":"<div class=\"scs-row\"><div class=\"scs-col\" style=\"width: 100%;\"><div id=\"bb0ee4a5-059c-4fd4-ba4f-cf41d5e58957\"></div></div></div>"}},"b408c1e8-e922-44c4-9d56-cbfcf9375b22":{"type":"scs-componentgroup","id":"scs-componentgroup","data":{"components":["b1971774-fd55-40be-b512-4c063c33af74"],"grid":"<div class=\"scs-row\"><div class=\"scs-col\" style=\"width: 100%;\"><div id=\"b1971774-fd55-40be-b512-4c063c33af74\"></div></div></div>"}},"a030329f-1b67-4c52-9a68-b5362485ccf4":{"type":"scs-componentgroup","id":"scs-componentgroup","data":{"components":["b5312852-26a7-4599-886f-ad05739b63c9"],"grid":"<div class=\"scs-row\"><div class=\"scs-col\" style=\"width: 100%;\"><div id=\"b5312852-26a7-4599-886f-ad05739b63c9\"></div></div></div>"}},"bb0ee4a5-059c-4fd4-ba4f-cf41d5e58957":{"type":"scs-title","id":"scs-title","data":{"alignment":"fill","backgroundColor":"","borderColor":"#808080","borderRadius":0,"borderStyle":"none","borderWidth":1,"fontColor":"#333333","fontFamily":"'Helvetica Neue', Helvetica, Arial, sans-serif","fontSize":24,"innerHTML":"<div><!-- ko if: visible --><div class=\"scs-title  scs-component scs-title-default-style\" style=\"margin-top:55px;margin-right:0px;margin-bottom:5px;margin-left:80px;\"><div class=\"scs-component-content\" data-bind=\"scsCompSetupLightbox\" style=\"text-align:left;width:100%;\"><div class=\"scs-title-text\" style=\"\"><div><p style=\"text-align:left\"><span style=\"color:#ffffff\"><span style=\"font-family:Verdana,Geneva,sans-serif\"><span style=\"font-size:36px\">WELCOME </span></span></span></p><p style=\"text-align:left\"><span style=\"color:#ffffff\"><span style=\"font-family:Verdana,Geneva,sans-serif\"><span style=\"font-size:36px\">TO THE </span></span></span></p><p style=\"text-align:left\"><span style=\"color:#ffffff\"><span style=\"font-family:Verdana,Geneva,sans-serif\"><span style=\"font-size:36px\">REVOLUTION</span></span></span></p></div></div></div></div><!-- /ko --></div>","marginBottom":5,"marginLeft":80,"marginRight":0,"marginTop":55,"placeholderText":"","styleClass":"","styleClassName":"","styleClassTag":"","toolbarGroups":"","useStyleClass":"true","userText":"<div><p style=\"text-align:left\"><span style=\"color:#ffffff\"><span style=\"font-family:Verdana,Geneva,sans-serif\"><span style=\"font-size:36px\">WELCOME </span></span></span></p><p style=\"text-align:left\"><span style=\"color:#ffffff\"><span style=\"font-family:Verdana,Geneva,sans-serif\"><span style=\"font-size:36px\">TO THE </span></span></span></p><p style=\"text-align:left\"><span style=\"color:#ffffff\"><span style=\"font-family:Verdana,Geneva,sans-serif\"><span style=\"font-size:36px\">REVOLUTION</span></span></span></p></div>","visible":true,"width":400}},"b1971774-fd55-40be-b512-4c063c33af74":{"type":"scs-image","id":"scs-image","data":{"alignment":"center","altText":"","borderColor":"#808080","borderRadius":0,"borderStyle":"none","borderWidth":1,"caption":"","contentViewing":"","imageHref":"","imageHrefContentViewing":"","imageHrefName":"","imageName":"iPhone img.png","imageTarget":"_self","imageUrl":"/documents/link/web?IdcService=GET_FILE&dLinkID=LD666E8C9652260B52983EC9D4018AFDB5A0208E7CDD&item=fFileGUID:D3453861EB4D23A27654CF28D4018AFDB5A0208E7CDD&scsOriginalFileName=iPhone%20img.png","linkType":"scs-link-no-link","marginBottom":5,"marginLeft":5,"marginRight":5,"marginTop":5,"styleClass":"","title":"","useStyleClass":"true","visible":true,"width":150}},"b5312852-26a7-4599-886f-ad05739b63c9":{"type":"scs-paragraph","id":"scs-paragraph","data":{"alignment":"fill","backgroundColor":"","borderColor":"#808080","borderRadius":0,"borderStyle":"none","borderWidth":1,"fontColor":"#333333","fontFamily":"'Helvetica Neue', Helvetica, Arial, sans-serif","fontSize":16,"innerHTML":"<div><!-- ko if: visible --><div class=\"scs-paragraph  scs-component scs-paragraph-default-style\" style=\"margin-top:55px;margin-right:100px;margin-bottom:21px;margin-left:5px;\"><div class=\"scs-component-content\" data-bind=\"scsCompSetupLightbox\" style=\"text-align:left;width:100%;\"><div class=\"scs-paragraph-text\" style=\"\"><div><p style=\"text-align:left\"><span style=\"font-family:Verdana,Geneva,sans-serif\"><span style=\"font-size:20px\"><span style=\"color:#ffffff\">I'm a paragraph. Click here to add your own text and edit me. I’m a great place for you to tell a story and let your users know a little more about you.​</span></span></span></p></div></div></div></div><!-- /ko --></div>","marginBottom":21,"marginLeft":5,"marginRight":100,"marginTop":55,"placeholderText":"","styleClass":"","styleClassName":"","styleClassTag":"","toolbarGroups":"","useStyleClass":"true","userText":"<div><p style=\"text-align:left\"><span style=\"font-family:Verdana,Geneva,sans-serif\"><span style=\"font-size:20px\"><span style=\"color:#ffffff\">I'm a paragraph. Click here to add your own text and edit me. I’m a great place for you to tell a story and let your users know a little more about you.​</span></span></span></p></div>","visible":true,"width":400}},"b352a26a-184a-4ce7-bc6d-24abcaf23066":{"type":"scs-image","id":"scs-image","data":{"alignment":"fill","altText":"","borderColor":"#808080","borderRadius":0,"borderStyle":"none","borderWidth":1,"caption":"","contentViewing":"","imageHref":"","imageHrefContentViewing":"","imageHrefName":"","imageName":"line-chart.png","imageTarget":"_self","imageUrl":"/documents/link/web?IdcService=GET_FILE&dLinkID=LD6C7538DAE901E28ECE470ED4018AFDB5A0208E7CDD&item=fFileGUID:D7CA1768985B6715D129DBC4D4018AFDB5A0208E7CDD&scsOriginalFileName=line-chart.png","linkType":"scs-link-no-link","marginBottom":50,"marginLeft":50,"marginRight":50,"marginTop":50,"styleClass":"","title":"","useStyleClass":"true","visible":true,"width":300}},"b39842ad-39ab-4a5c-8db1-4eca096ad26a":{"type":"scs-paragraph","id":"scs-paragraph","data":{"alignment":"fill","backgroundColor":"","borderColor":"#808080","borderRadius":0,"borderStyle":"none","borderWidth":1,"fontColor":"#333333","fontFamily":"'Helvetica Neue', Helvetica, Arial, sans-serif","fontSize":16,"innerHTML":"<div><!-- ko if: visible --><div class=\"scs-paragraph  scs-component scs-paragraph-default-style\" style=\"margin-top:75px;margin-right:100px;margin-bottom:75px;margin-left:100px;\"><div class=\"scs-component-content\" data-bind=\"scsCompSetupLightbox\" style=\"text-align:left;width:100%;\"><div class=\"scs-paragraph-text\" style=\"\"><div><p style=\"text-align:left\"><span style=\"font-family:Verdana,Geneva,sans-serif\"><span style=\"font-size:20px\">I'm a paragraph. Click here to add your own text and edit me. I’m a great place for you to tell a story and let your users know a little more about you.​</span></span></p></div></div></div></div><!-- /ko --></div>","marginBottom":75,"marginLeft":100,"marginRight":100,"marginTop":75,"placeholderText":"","styleClass":"","styleClassName":"","styleClassTag":"","toolbarGroups":"","useStyleClass":"true","userText":"<div><p style=\"text-align:left\"><span style=\"font-family:Verdana,Geneva,sans-serif\"><span style=\"font-size:20px\">I'm a paragraph. Click here to add your own text and edit me. I’m a great place for you to tell a story and let your users know a little more about you.​</span></span></p></div>","visible":true,"width":400}},"ca9035b1-6678-428c-9932-09ecf54f3e14":{"type":"scs-paragraph","id":"scs-paragraph","data":{"alignment":"fill","backgroundColor":"","borderColor":"#808080","borderRadius":0,"borderStyle":"none","borderWidth":1,"fontColor":"#333333","fontFamily":"'Helvetica Neue', Helvetica, Arial, sans-serif","fontSize":16,"innerHTML":"<div><!-- ko if: visible --><div class=\"scs-paragraph  scs-component scs-paragraph-default-style\" style=\"margin-top:75px;margin-right:100px;margin-bottom:75px;margin-left:50px;\"><div class=\"scs-component-content\" data-bind=\"scsCompSetupLightbox\" style=\"text-align:left;width:100%;\"><div class=\"scs-paragraph-text\" style=\"\"><div><p style=\"text-align:left\"><span style=\"font-size:20px\"><span style=\"font-family:Verdana,Geneva,sans-serif\">I'm a paragraph. Click here to add your own text and edit me. I’m a great place for you to tell a story and let your users know a little more about you.​</span></span></p></div></div></div></div><!-- /ko --></div>","marginBottom":75,"marginLeft":50,"marginRight":100,"marginTop":75,"placeholderText":"","styleClass":"","styleClassName":"","styleClassTag":"","toolbarGroups":"","useStyleClass":"true","userText":"<div><p style=\"text-align:left\"><span style=\"font-size:20px\"><span style=\"font-family:Verdana,Geneva,sans-serif\">I'm a paragraph. Click here to add your own text and edit me. I’m a great place for you to tell a story and let your users know a little more about you.​</span></span></p></div>","visible":true,"width":400}},"ab6f340b-51e4-405b-827b-5ccd73934e7a":{"type":"scs-image","id":"scs-image","data":{"alignment":"center","altText":"","borderColor":"#808080","borderRadius":0,"borderStyle":"none","borderWidth":1,"caption":"","contentId":"","contentViewing":"","imageHref":"","imageHrefContentViewing":"","imageHrefName":"","imageName":"medal.png","imageTarget":"_self","imageUrl":"[!--$SCS_CONTENT_URL--]/medal-1432440000035836.png","linkType":"scs-link-no-link","marginBottom":50,"marginLeft":50,"marginRight":50,"marginTop":50,"styleClass":"","title":"","useStyleClass":"true","visible":true,"width":100}},"c810d8a3-06a2-4f39-bb82-517d21e31ba2":{"type":"scs-image","id":"scs-image","data":{"alignment":"fill","altText":"","borderColor":"#808080","borderRadius":0,"borderStyle":"none","borderWidth":1,"caption":"","contentId":"","contentViewing":"","imageHref":"","imageHrefContentViewing":"","imageHrefName":"","imageName":"workspace.png","imageTarget":"_self","imageUrl":"/documents/link/web?IdcService=GET_FILE&dLinkID=LD6964ABAD18A6AFD1325486D4018AFDB5A0208E7CDD&item=fFileGUID:DD7977E593E610AC504B2D59D4018AFDB5A0208E7CDD&scsOriginalFileName=workspace.png","linkType":"scs-link-no-link","marginBottom":50,"marginLeft":50,"marginRight":50,"marginTop":50,"styleClass":"","title":"","useStyleClass":"true","visible":true,"width":300}},"aa433b31-66f9-438d-b32a-72308ecb2978":{"type":"scs-paragraph","id":"scs-paragraph","data":{"alignment":"fill","backgroundColor":"","borderColor":"#808080","borderRadius":0,"borderStyle":"none","borderWidth":1,"fontColor":"#333333","fontFamily":"'Helvetica Neue', Helvetica, Arial, sans-serif","fontSize":16,"innerHTML":"<div><!-- ko if: visible --><div class=\"scs-paragraph  scs-component scs-paragraph-default-style\" style=\"margin-top:75px;margin-right:100px;margin-bottom:75px;margin-left:100px;\"><div class=\"scs-component-content\" data-bind=\"scsCompSetupLightbox\" style=\"text-align:left;width:100%;\"><div class=\"scs-paragraph-text\" style=\"\"><div><p style=\"text-align:left\"><span style=\"color:#4e5f70\"><span style=\"font-family:Verdana,Geneva,sans-serif\"><span style=\"font-size:20px\">I'm a paragraph. Click here to add your own text and edit me. I’m a great place for you to tell a story and let your users know a little more about you.​</span></span></span></p></div></div></div></div><!-- /ko --></div>","marginBottom":75,"marginLeft":100,"marginRight":100,"marginTop":75,"placeholderText":"","styleClass":"","styleClassName":"","styleClassTag":"","toolbarGroups":"","useStyleClass":"true","userText":"<div><p style=\"text-align:left\"><span style=\"color:#4e5f70\"><span style=\"font-family:Verdana,Geneva,sans-serif\"><span style=\"font-size:20px\">I'm a paragraph. Click here to add your own text and edit me. I’m a great place for you to tell a story and let your users know a little more about you.​</span></span></span></p></div>","visible":true,"width":400}},"a3237436-1c6b-4fc3-9602-7d8a6fa4c0fa":{"type":"scs-paragraph","id":"scs-paragraph","data":{"alignment":"fill","backgroundColor":"","borderColor":"#808080","borderRadius":0,"borderStyle":"none","borderWidth":1,"fontColor":"#333333","fontFamily":"'Helvetica Neue', Helvetica, Arial, sans-serif","fontSize":16,"innerHTML":"<div><!-- ko if: visible --><div class=\"scs-paragraph  scs-component scs-paragraph-default-style\" style=\"margin-top:75px;margin-right:100px;margin-bottom:75px;margin-left:50px;\"><div class=\"scs-component-content\" data-bind=\"scsCompSetupLightbox\" style=\"text-align:left;width:100%;\"><div class=\"scs-paragraph-text\" style=\"\"><div><p style=\"text-align:left\"><span style=\"font-family:Verdana,Geneva,sans-serif\"><span style=\"font-size:20px\">I'm a paragraph. Click here to add your own text and edit me. I’m a great place for you to tell a story and let your users know a little more about you.​</span></span></p></div></div></div></div><!-- /ko --></div>","marginBottom":75,"marginLeft":50,"marginRight":100,"marginTop":75,"placeholderText":"","styleClass":"","styleClassName":"","styleClassTag":"","toolbarGroups":"","useStyleClass":"true","userText":"<div><p style=\"text-align:left\"><span style=\"font-family:Verdana,Geneva,sans-serif\"><span style=\"font-size:20px\">I'm a paragraph. Click here to add your own text and edit me. I’m a great place for you to tell a story and let your users know a little more about you.​</span></span></p></div>","visible":true,"width":400}},"e4873e92-7fe0-4488-a9ff-466b30905700":{"type":"scs-image","id":"scs-image","data":{"alignment":"center","altText":"","borderColor":"#808080","borderRadius":0,"borderStyle":"none","borderWidth":1,"caption":"","contentId":"","contentViewing":"","imageHref":"","imageHrefContentViewing":"","imageHrefName":"","imageName":"network.png","imageTarget":"_self","imageUrl":"/documents/link/web?IdcService=GET_FILE&dLinkID=LD6815418294F91734582FDFD4018AFDB5A0208E7CDD&item=fFileGUID:D651A5D9A9C1C884C98C2CDCD4018AFDB5A0208E7CDD&scsOriginalFileName=network.png","linkType":"scs-link-no-link","marginBottom":50,"marginLeft":50,"marginRight":50,"marginTop":50,"styleClass":"","title":"","useStyleClass":"true","visible":true,"width":100}},"dbb14fbb-fc3a-4915-b155-7ea53053a7fe":{"type":"scs-sectionlayout","id":"scs-sl-vertical","data":{"componentFactory":"scs-vertical","components":["a9f92ec1-1c09-4be4-a05c-cce38f40394a"]}}}}
