{"properties":{"title":"AboutUs","pageLayout":"index.html","pageDescription":"","keywords":"","hideFromSearchEngines":false,"header":"","footer":"","noIndex":false,"noFollow":false,"noArchive":false,"noSnippet":false,"isCobrowseEnabled":false},"slots":{"footer":{"components":["b78468a7-5ce3-4c95-a844-5144bd792722"],"grid":"<div class=\"scs-row\"><div class=\"scs-col\" style=\"width: 100%;\"><div id=\"b78468a7-5ce3-4c95-a844-5144bd792722\"></div></div></div>"},"headline":{"components":["acadaa03-9368-40cf-b2ad-ab79f2ebdd7f"],"grid":"<div class=\"scs-row\"><div class=\"scs-col\" style=\"width: 100%;\"><div id=\"acadaa03-9368-40cf-b2ad-ab79f2ebdd7f\"></div></div></div>"},"navMenu":{"components":["bf048af4-6772-4c88-93b1-2c0b68ad380b"],"grid":"<div class=\"scs-row\"><div class=\"scs-col\" style=\"width: 100%;\"><div id=\"bf048af4-6772-4c88-93b1-2c0b68ad380b\"></div></div></div>"},"logocontainer":{"components":["db243a5a-049d-47ec-b752-ebc14c6b9a6c"],"grid":"<div class=\"scs-row\"><div class=\"scs-col\" style=\"width: 100%;\"><div id=\"db243a5a-049d-47ec-b752-ebc14c6b9a6c\"></div></div></div>"},"currentUser":{"components":["a4357421-cdbe-4278-95eb-374a8cbc35f4"],"grid":"<div class=\"scs-row\"><div class=\"scs-col\" style=\"width: 100%;\"><div id=\"a4357421-cdbe-4278-95eb-374a8cbc35f4\"></div></div></div>"},"Content":{"components":["f1777ae1-b66c-4198-95a9-5a4084111e92"],"grid":"<div class=\"scs-row\"><div class=\"scs-col\" style=\"width: 100%;\"><div id=\"f1777ae1-b66c-4198-95a9-5a4084111e92\"></div></div></div>"}},"componentInstances":{"bfd7967e-f410-4235-87e7-196a7d6a831b":{"type":"scs-sectionlayout","id":"scs-sl-two-columns","data":{"componentFactory":"scs-two-columns","customSettingsData":{"columnWidth1":20,"columnWidth2":80},"components":["a2d69d02-d5d1-4a45-b453-ecc3ed1ae0f5","a8f3f78e-6e3b-4095-a4fe-31eccdacf488"],"borderColor":"#808080","borderRadius":0,"borderStyle":"none","borderWidth":1,"styleClass":"","useStyleClass":"true","styles":["background-attachment:scroll","background-color:","background-position:left top","background-repeat:no-repeat","background-size:auto"]}},"fe44c10c-8528-49d8-ad70-730041f11fc1":{"type":"scs-componentgroup","id":"scs-componentgroup","data":{"allowMove":false,"components":["e3b82e64-5da8-4c67-ad2b-de8089aa2bea","bda4e9d7-629a-49ca-ae5d-7be5571d5361"],"grid":"<div class=\"scs-row\"><div class=\"scs-col\" style=\"width: 100%;\"><div id=\"e3b82e64-5da8-4c67-ad2b-de8089aa2bea\"></div><div id=\"bda4e9d7-629a-49ca-ae5d-7be5571d5361\"></div></div></div>"}},"eb5c4a0d-3287-4973-9de0-eaa3f7972cfa":{"type":"scs-title","id":"scs-title","data":{"alignment":"fill","backgroundColor":"","borderColor":"#808080","borderRadius":0,"borderStyle":"none","borderWidth":1,"fontColor":"#333333","fontFamily":"'Helvetica Neue', Helvetica, Arial, sans-serif","fontSize":24,"innerHTML":"<div><!-- ko if: visible --><div class=\"scs-title  scs-component scs-title-default-style\" style=\"margin-top:50px;margin-right:20px;margin-bottom:5px;margin-left:20px;\"><div class=\"scs-component-content\" data-bind=\"scsCompSetupLightbox\" style=\"text-align:left;width:100%;\"><div class=\"scs-title-text\" style=\"\"><div><p><span style=\"font-family:Verdana,Geneva,sans-serif\"><span style=\"font-size:36px\">OUR TEAM</span></span></p></div></div></div></div><!-- /ko --></div>","marginBottom":5,"marginLeft":20,"marginRight":20,"marginTop":50,"placeholderText":"","styleClass":"","styleClassName":"","styleClassTag":"","toolbarGroups":"","useStyleClass":"true","userText":"<div><p><span style=\"font-family:Verdana,Geneva,sans-serif\"><span style=\"font-size:36px\">OUR TEAM</span></span></p></div>","visible":true,"width":400}},"e1a35e79-220f-4467-becd-d62a30cf1840":{"type":"scs-sectionlayout","id":"scs-sl-two-columns","data":{"componentFactory":"scs-two-columns","customSettingsData":{"columnWidth1":20,"columnWidth2":80},"components":["e1459913-7e72-41e1-8bcd-9c54e371ca92","bfa39739-438d-4e43-8917-a69a065931bb"],"borderColor":"#808080","borderRadius":0,"borderStyle":"none","borderWidth":1,"styleClass":"","useStyleClass":"true","styles":["background-attachment:scroll","background-color:","background-position:left top","background-repeat:no-repeat","background-size:auto"]}},"d0e63d65-f20d-4bf4-b8ed-fb7da8bfbd0d":{"type":"scs-sectionlayout","id":"scs-sl-two-columns","data":{"componentFactory":"scs-two-columns","customSettingsData":{"columnWidth1":20,"columnWidth2":80},"components":["ac9a2af5-2d98-4d81-a785-b59186ad041e","bda4b618-2aa1-4cac-951e-678f86e690a0"],"borderColor":"#808080","borderRadius":0,"borderStyle":"none","borderWidth":1,"styleClass":"","useStyleClass":"true","styles":["background-attachment:scroll","background-color:#d3d3d3","background-position:left top","background-repeat:no-repeat","background-size:auto"]}},"e1459913-7e72-41e1-8bcd-9c54e371ca92":{"type":"scs-componentgroup","id":"scs-componentgroup","data":{"allowMove":false,"components":["d4a032b2-dc5f-48f5-bd90-19b368ea150c"],"grid":"<div class=\"scs-row\"><div class=\"scs-col\" style=\"width: 100%;\"><div id=\"d4a032b2-dc5f-48f5-bd90-19b368ea150c\"></div></div></div>"}},"acadaa03-9368-40cf-b2ad-ab79f2ebdd7f":{"type":"scs-image","id":"scs-image","data":{"alignment":"fill","altText":"","borderColor":"#808080","borderRadius":0,"borderStyle":"none","borderWidth":1,"caption":"","contentViewing":"","imageHref":"","imageHrefContentViewing":"","imageHrefName":"","imageName":"Divider1.jpg","imageTarget":"_self","imageUrl":"/documents/link/web?IdcService=GET_FILE&dLinkID=LD96F3B004BD5E9F428BA786D4018AFDB5A0208E7CDD&item=fFileGUID:DA054DC033270E57B1F5468BD4018AFDB5A0208E7CDD&scsOriginalFileName=Divider1.jpg","linkType":"scs-link-no-link","marginBottom":5,"marginLeft":5,"marginRight":5,"marginTop":5,"styleClass":"","title":"","useStyleClass":"true","visible":true,"width":300}},"cf357627-74c7-4e3d-89e0-f23eab4064bc":{"type":"scs-paragraph","id":"scs-paragraph","data":{"alignment":"fill","backgroundColor":"","borderColor":"#808080","borderRadius":0,"borderStyle":"none","borderWidth":1,"fontColor":"#333333","fontFamily":"'Helvetica Neue', Helvetica, Arial, sans-serif","fontSize":16,"innerHTML":"<div><!-- ko if: visible --><div class=\"scs-paragraph  scs-component scs-paragraph-default-style\" style=\"margin-top:0px;margin-right:5px;margin-bottom:5px;margin-left:5px;\"><div class=\"scs-component-content\" data-bind=\"scsCompSetupLightbox\" style=\"text-align:left;width:100%;\"><div class=\"scs-paragraph-text\" style=\"\"><div><p style=\"text-align:left\"><span style=\"font-family:Verdana,Geneva,sans-serif\"><span style=\"font-size:18px\">I'm a paragraph. Click here to add your own text and edit me. I’m a great place for you to tell a story and let your users know a little more about you.​</span></span></p></div></div></div></div><!-- /ko --></div>","marginBottom":5,"marginLeft":5,"marginRight":5,"marginTop":0,"placeholderText":"","styleClass":"","styleClassName":"","styleClassTag":"","toolbarGroups":"","useStyleClass":"true","userText":"<div><p style=\"text-align:left\"><span style=\"font-family:Verdana,Geneva,sans-serif\"><span style=\"font-size:18px\">I'm a paragraph. Click here to add your own text and edit me. I’m a great place for you to tell a story and let your users know a little more about you.​</span></span></p></div>","visible":true,"width":400}},"edd8565e-09cd-4a1a-bd9e-3de879c3ac12":{"type":"scs-image","id":"scs-image","data":{"alignment":"fill","altText":"","borderColor":"#808080","borderRadius":0,"borderStyle":"none","borderWidth":1,"caption":"","contentViewing":"","imageHref":"","imageHrefContentViewing":"","imageHrefName":"","imageName":"Divider2.jpg","imageTarget":"_self","imageUrl":"/documents/link/web?IdcService=GET_FILE&dLinkID=LD6B54E79B14CAC74531B3BFD4018AFDB5A0208E7CDD&item=fFileGUID:DE5A8014CB9D956963772628D4018AFDB5A0208E7CDD&scsOriginalFileName=Divider2.jpg","linkType":"scs-link-no-link","marginBottom":5,"marginLeft":20,"marginRight":20,"marginTop":5,"styleClass":"","title":"","useStyleClass":"true","visible":true,"width":300}},"a4d1779f-9ffa-4597-84d0-4c15fa2c9bb8":{"type":"scs-button","id":"scs-button","data":{"actions":[],"alignment":"left","backgroundColor":"#DDDDDD","backgroundColorHover":"#EEEEEE","borderColor":"#808080","borderColorHover":"#2222DD","borderRadius":0,"borderStyle":"solid","borderWidth":1,"fontColor":"#000000","fontColorHover":"#2222DD","fontFamily":"'Helvetica Neue', Helvetica, Arial, sans-serif","fontSize":14,"height":0,"href":"mailto:MyDemo@xyz.com?Subject=Request to contact","hrefContentViewing":"","hrefName":"","isCobrowse":"","linkType":"scs-link-email","marginBottom":50,"marginLeft":90,"marginRight":100,"marginTop":50,"styleClass":"","styleClassName":"","target":"","text":"REQUEST TO CONTACT","title":"Req","useStyleClass":"true","visible":true,"width":0}},"a9a5c1be-6d54-41af-8d23-998ad884bb29":{"type":"scs-image","id":"scs-image","data":{"alignment":"fill","altText":"","borderColor":"#808080","borderRadius":0,"borderStyle":"none","borderWidth":1,"caption":"","contentViewing":"","imageHref":"","imageHrefContentViewing":"","imageHrefName":"","imageName":"CEO.png","imageTarget":"_self","imageUrl":"/documents/link/web?IdcService=GET_FILE&dLinkID=LD70EEF77133E53CF80C6030D4018AFDB5A0208E7CDD&item=fFileGUID:DBEF980164A67DE45400DC1ED4018AFDB5A0208E7CDD&scsOriginalFileName=CEO.png","linkType":"scs-link-no-link","marginBottom":5,"marginLeft":5,"marginRight":5,"marginTop":5,"styleClass":"","title":"","useStyleClass":"true","visible":true,"width":300}},"c34c39d3-c2bc-48ba-bc5a-e50a14febbe9":{"type":"scs-paragraph","id":"scs-paragraph","data":{"alignment":"fill","backgroundColor":"","borderColor":"#808080","borderRadius":0,"borderStyle":"none","borderWidth":1,"fontColor":"#333333","fontFamily":"'Helvetica Neue', Helvetica, Arial, sans-serif","fontSize":16,"innerHTML":"<div><!-- ko if: visible --><div class=\"scs-paragraph  scs-component scs-paragraph-default-style\" style=\"margin-top:0px;margin-right:5px;margin-bottom:5px;margin-left:5px;\"><div class=\"scs-component-content\" data-bind=\"scsCompSetupLightbox\" style=\"text-align:left;width:100%;\"><div class=\"scs-paragraph-text\" style=\"\"><div><p style=\"text-align:left\"><span style=\"font-family:Verdana,Geneva,sans-serif\"><span style=\"font-size:18px\">I'm a paragraph. Click here to add your own text and edit me. I’m a great place for you to tell a story and let your users know a little more about you.​</span></span></p></div></div></div></div><!-- /ko --></div>","marginBottom":5,"marginLeft":5,"marginRight":5,"marginTop":0,"placeholderText":"","styleClass":"","styleClassName":"","styleClassTag":"","toolbarGroups":"","useStyleClass":"true","userText":"<div><p style=\"text-align:left\"><span style=\"font-family:Verdana,Geneva,sans-serif\"><span style=\"font-size:18px\">I'm a paragraph. Click here to add your own text and edit me. I’m a great place for you to tell a story and let your users know a little more about you.​</span></span></p></div>","visible":true,"width":400}},"a8572dcf-937e-4624-afa2-64e9712421b7":{"type":"scs-title","id":"scs-title","data":{"alignment":"fill","backgroundColor":"","borderColor":"#808080","borderRadius":0,"borderStyle":"none","borderWidth":1,"fontColor":"#333333","fontFamily":"'Helvetica Neue', Helvetica, Arial, sans-serif","fontSize":24,"innerHTML":"<div><!-- ko if: visible --><div class=\"scs-title  scs-component scs-title-default-style\" style=\"margin-top:30px;margin-right:50px;margin-bottom:50px;margin-left:50px;\"><div class=\"scs-component-content\" data-bind=\"scsCompSetupLightbox\" style=\"text-align:left;width:100%;\"><div class=\"scs-title-text\" style=\"\"><div><span style=\"font-size:20px\">COPYRIGHT © 2017 &lt;COMPANY NAME&gt;</span></div></div></div></div><!-- /ko --></div>","marginBottom":50,"marginLeft":50,"marginRight":50,"marginTop":30,"placeholderText":"","styleClass":"","styleClassName":"","styleClassTag":"","toolbarGroups":"","useStyleClass":"true","userText":"<div><span style=\"font-size:20px\">COPYRIGHT © 2017 &lt;COMPANY NAME&gt;</span></div>","visible":true,"width":400}},"f780feff-435a-48d7-ba28-482c2099c168":{"type":"scs-title","id":"scs-title","data":{"alignment":"fill","backgroundColor":"","borderColor":"#808080","borderRadius":0,"borderStyle":"none","borderWidth":1,"fontColor":"#333333","fontFamily":"'Helvetica Neue', Helvetica, Arial, sans-serif","fontSize":24,"innerHTML":"<div><!-- ko if: visible --><div class=\"scs-title  scs-component scs-title-default-style\" style=\"margin-top:0px;margin-right:5px;margin-bottom:0px;margin-left:5px;\"><div class=\"scs-component-content\" data-bind=\"scsCompSetupLightbox\" style=\"text-align:left;width:100%;\"><div class=\"scs-title-text\" style=\"\"><div><p style=\"text-align:left\"><span style=\"font-family:Verdana,Geneva,sans-serif\"><span style=\"font-size:24px\">Jeff Florick, CFO</span></span></p></div></div></div></div><!-- /ko --></div>","marginBottom":0,"marginLeft":5,"marginRight":5,"marginTop":0,"placeholderText":"","styleClass":"","styleClassName":"","styleClassTag":"","toolbarGroups":"","useStyleClass":"true","userText":"<div><p style=\"text-align:left\"><span style=\"font-family:Verdana,Geneva,sans-serif\"><span style=\"font-size:24px\">Jeff Florick, CFO</span></span></p></div>","visible":true,"width":400}},"bbee978c-1482-4a86-93ff-616739c89e9d":{"type":"scs-componentgroup","id":"scs-componentgroup","data":{"allowMove":false,"components":["a66e35e3-24dd-414b-b766-c8ee6bbbda6a"],"grid":"<div class=\"scs-row\"><div class=\"scs-col\" style=\"width: 100%;\"><div id=\"a66e35e3-24dd-414b-b766-c8ee6bbbda6a\"></div></div></div>"}},"d4a032b2-dc5f-48f5-bd90-19b368ea150c":{"type":"scs-image","id":"scs-image","data":{"alignment":"fill","altText":"","borderColor":"#808080","borderRadius":0,"borderStyle":"none","borderWidth":1,"caption":"","contentViewing":"","imageHref":"","imageHrefContentViewing":"","imageHrefName":"","imageName":"Sales Manager.png","imageTarget":"_self","imageUrl":"[!--$SCS_CONTENT_URL--]/Sales Manager-1432440000036035.png","linkType":"scs-link-no-link","marginBottom":5,"marginLeft":5,"marginRight":5,"marginTop":5,"styleClass":"","title":"","useStyleClass":"true","visible":true,"width":300}},"adc251f9-6d04-44b6-bc70-91060237c1f6":{"type":"scs-sectionlayout","id":"scs-sl-two-columns","data":{"componentFactory":"scs-two-columns","customSettingsData":{"columnWidth1":20,"columnWidth2":80},"components":["f32dfdd7-3e5b-4e0c-8c4e-2ad3727012ff","bbee978c-1482-4a86-93ff-616739c89e9d"],"borderColor":"#808080","borderRadius":0,"borderStyle":"none","borderWidth":1,"styleClass":"","useStyleClass":"true","styles":["background-attachment:scroll","background-color:","background-position:left top","background-repeat:no-repeat","background-size:auto"]}},"bf048af4-6772-4c88-93b1-2c0b68ad380b":{"type":"scs-component","id":"CSINavMenu","data":{"actions":"","alignment":"fill","assets":"","borderColor":"#808080","borderRadius":0,"borderStyle":"none","borderWidth":1,"componentId":"navMenu","componentName":"Navigation Menu Component","componentFactory":"","componentLayout":"default","contentId":"","contentLayoutCategory":"","contentPlaceholder":false,"contentTypes":[],"contentViewing":"","customSettingsData":{"externalSiteEnabled":false},"componentConfig":{"id":"NavMenu-component","settingsData":{"settingsWidth":350,"settingsRenderOption":"dialog","componentLayouts":[],"actions":[]},"initialData":{"componentId":"navMenu","componentName":"Navigation Menu Component","componentLayout":"default","marginBottom":0,"marginLeft":0,"marginRight":0,"marginTop":0,"customSettingsData":{"externalSiteEnabled":false},"nestedComponents":[]}},"description":"","detailPageId":"","height":"","initialized":true,"isCaaSLayout":false,"linkType":"scs-link-action","marginBottom":0,"marginLeft":0,"marginRight":0,"marginTop":0,"nestedComponents":[],"styleClass":"","styleClassName":"","seeded":false,"useStyleClass":"true","visible":true,"visibleNestedComponents":[],"width":0}},"b0cd5bd5-553d-45e2-b258-e0fcf0528bcd":{"type":"scs-title","id":"scs-title","data":{"alignment":"fill","backgroundColor":"","borderColor":"#808080","borderRadius":0,"borderStyle":"none","borderWidth":1,"fontColor":"#333333","fontFamily":"'Helvetica Neue', Helvetica, Arial, sans-serif","fontSize":24,"innerHTML":"<div><!-- ko if: visible --><div class=\"scs-title  scs-component scs-title-default-style\" style=\"margin-top:0px;margin-right:5px;margin-bottom:0px;margin-left:5px;\"><div class=\"scs-component-content\" data-bind=\"scsCompSetupLightbox\" style=\"text-align:left;width:100%;\"><div class=\"scs-title-text\" style=\"\"><div><p style=\"text-align:left\"><span style=\"font-size:24px\"><span style=\"font-family:Verdana,Geneva,sans-serif\">Denis G. Roberts, Sales Manager</span></span></p></div></div></div></div><!-- /ko --></div>","marginBottom":0,"marginLeft":5,"marginRight":5,"marginTop":0,"placeholderText":"","styleClass":"","styleClassName":"","styleClassTag":"","toolbarGroups":"","useStyleClass":"true","userText":"<div><p style=\"text-align:left\"><span style=\"font-size:24px\"><span style=\"font-family:Verdana,Geneva,sans-serif\">Denis G. Roberts, Sales Manager</span></span></p></div>","visible":true,"width":400}},"db243a5a-049d-47ec-b752-ebc14c6b9a6c":{"type":"scs-image","id":"scs-image","data":{"alignment":"left","altText":"","borderColor":"#808080","borderRadius":0,"borderStyle":"none","borderWidth":1,"caption":"","contentViewing":"","imageHref":"","imageHrefContentViewing":"","imageHrefName":"","imageName":"LOGO.png","imageTarget":"_self","imageUrl":"/documents/link/web?IdcService=GET_FILE&dLinkID=LD48FBB269406682AE0664E3D4018AFDB5A0208E7CDD&item=fFileGUID:D61CB0347E8305C33843E2DBD4018AFDB5A0208E7CDD&scsOriginalFileName=LOGO.png","linkType":"scs-link-no-link","marginBottom":5,"marginLeft":5,"marginRight":5,"marginTop":5,"styleClass":"","title":"","useStyleClass":"true","visible":true,"width":150}},"ac9a2af5-2d98-4d81-a785-b59186ad041e":{"type":"scs-componentgroup","id":"scs-componentgroup","data":{"allowMove":false,"components":["eb5c4a0d-3287-4973-9de0-eaa3f7972cfa","edd8565e-09cd-4a1a-bd9e-3de879c3ac12"],"grid":"<div class=\"scs-row\"><div class=\"scs-col\" style=\"width: 100%;\"><div id=\"eb5c4a0d-3287-4973-9de0-eaa3f7972cfa\"></div><div id=\"edd8565e-09cd-4a1a-bd9e-3de879c3ac12\"></div></div></div>"}},"f7a863b2-d1f2-4b05-b54a-6949fdfc8baf":{"type":"scs-componentgroup","id":"scs-componentgroup","data":{"allowMove":false,"components":["f7493efd-502c-478b-a534-1e12de6e3338","d42a3f5a-c475-47e5-ae95-5fdc4b34238f"],"grid":"<div class=\"scs-row\"><div class=\"scs-col\" style=\"width: 100%;\"><div id=\"f7493efd-502c-478b-a534-1e12de6e3338\"></div><div id=\"d42a3f5a-c475-47e5-ae95-5fdc4b34238f\"></div></div></div>"}},"d42a3f5a-c475-47e5-ae95-5fdc4b34238f":{"type":"scs-paragraph","id":"scs-paragraph","data":{"alignment":"fill","backgroundColor":"","borderColor":"#808080","borderRadius":0,"borderStyle":"none","borderWidth":1,"fontColor":"#333333","fontFamily":"'Helvetica Neue', Helvetica, Arial, sans-serif","fontSize":16,"innerHTML":"<div><!-- ko if: visible --><div class=\"scs-paragraph  scs-component scs-paragraph-default-style\" style=\"margin-top:5px;margin-right:5px;margin-bottom:5px;margin-left:5px;\"><div class=\"scs-component-content\" data-bind=\"scsCompSetupLightbox\" style=\"text-align:left;width:100%;\"><div class=\"scs-paragraph-text\" style=\"\"><div><p style=\"text-align:left\"><span style=\"font-size:18px\">We are here to assist. You can reach by phone, email or via our Social Media channels.</span></p></div></div></div></div><!-- /ko --></div>","marginBottom":5,"marginLeft":5,"marginRight":5,"marginTop":5,"placeholderText":"","styleClass":"","styleClassName":"","styleClassTag":"","toolbarGroups":"","useStyleClass":"true","userText":"<div><p style=\"text-align:left\"><span style=\"font-size:18px\">We are here to assist. You can reach by phone, email or via our Social Media channels.</span></p></div>","visible":true,"width":400}},"a8f3f78e-6e3b-4095-a4fe-31eccdacf488":{"type":"scs-componentgroup","id":"scs-componentgroup","data":{"allowMove":false,"components":["f780feff-435a-48d7-ba28-482c2099c168","c34c39d3-c2bc-48ba-bc5a-e50a14febbe9"],"grid":"<div class=\"scs-row\"><div class=\"scs-col\" style=\"width: 100%;\"><div id=\"f780feff-435a-48d7-ba28-482c2099c168\"></div><div id=\"c34c39d3-c2bc-48ba-bc5a-e50a14febbe9\"></div></div></div>"}},"a2d69d02-d5d1-4a45-b453-ecc3ed1ae0f5":{"type":"scs-componentgroup","id":"scs-componentgroup","data":{"allowMove":false,"components":["e66ece87-789a-449f-be0a-93586454b441"],"grid":"<div class=\"scs-row\"><div class=\"scs-col\" style=\"width: 100%;\"><div id=\"e66ece87-789a-449f-be0a-93586454b441\"></div></div></div>"}},"e66ece87-789a-449f-be0a-93586454b441":{"type":"scs-image","id":"scs-image","data":{"alignment":"fill","altText":"","borderColor":"#808080","borderRadius":0,"borderStyle":"none","borderWidth":1,"caption":"","contentViewing":"","imageHref":"","imageHrefContentViewing":"","imageHrefName":"","imageName":"CFO.png","imageTarget":"_self","imageUrl":"/documents/link/web?IdcService=GET_FILE&dLinkID=LDECFC62364761225201BA8CD4018AFDB5A0208E7CDD&item=fFileGUID:D1F8D0E0545D2C7865B38C53D4018AFDB5A0208E7CDD&scsOriginalFileName=CFO.png","linkType":"scs-link-no-link","marginBottom":5,"marginLeft":5,"marginRight":5,"marginTop":5,"styleClass":"","title":"","useStyleClass":"true","visible":true,"width":529}},"f32dfdd7-3e5b-4e0c-8c4e-2ad3727012ff":{"type":"scs-componentgroup","id":"scs-componentgroup","data":{"allowMove":false,"components":["bce03805-f3e8-4fcc-ae32-c05c99dea421","b4e79741-7304-487a-bebf-f87885286879"],"grid":"<div class=\"scs-row\"><div class=\"scs-col\" style=\"width: 100%;\"><div id=\"bce03805-f3e8-4fcc-ae32-c05c99dea421\"></div><div id=\"b4e79741-7304-487a-bebf-f87885286879\"></div></div></div>"}},"e3b82e64-5da8-4c67-ad2b-de8089aa2bea":{"type":"scs-title","id":"scs-title","data":{"alignment":"fill","backgroundColor":"","borderColor":"#808080","borderRadius":0,"borderStyle":"none","borderWidth":1,"fontColor":"#333333","fontFamily":"'Helvetica Neue', Helvetica, Arial, sans-serif","fontSize":24,"innerHTML":"<div><!-- ko if: visible --><div class=\"scs-title  scs-component scs-title-default-style\" style=\"margin-top:0px;margin-right:5px;margin-bottom:0px;margin-left:5px;\"><div class=\"scs-component-content\" data-bind=\"scsCompSetupLightbox\" style=\"text-align:left;width:100%;\"><div class=\"scs-title-text\" style=\"\"><div><p style=\"text-align:left\"><span style=\"font-family:Verdana,Geneva,sans-serif\"><span style=\"font-size:24px\">Nora Lee Smith, HR</span></span></p></div></div></div></div><!-- /ko --></div>","marginBottom":0,"marginLeft":5,"marginRight":5,"marginTop":0,"placeholderText":"","styleClass":"","styleClassName":"","styleClassTag":"","toolbarGroups":"","useStyleClass":"true","userText":"<div><p style=\"text-align:left\"><span style=\"font-family:Verdana,Geneva,sans-serif\"><span style=\"font-size:24px\">Nora Lee Smith, HR</span></span></p></div>","visible":true,"width":400}},"a104b364-28da-435c-8d79-e8295cbc7a68":{"type":"scs-componentgroup","id":"FooterBar","data":{"className":"","components":["c4e2e406-8dd4-41a6-9197-bde4654cfb8a","a8572dcf-937e-4624-afa2-64e9712421b7"],"grid":"<div class=\"scs-row\"><div class=\"scs-col\" style=\"width: 50%;\"><div id=\"c4e2e406-8dd4-41a6-9197-bde4654cfb8a\"></div></div><div class=\"scs-col\" style=\"width: 50%;\"><div id=\"a8572dcf-937e-4624-afa2-64e9712421b7\"></div></div></div>","borderColor":"#808080","borderRadius":0,"borderStyle":"none","borderWidth":1,"styleClass":"","useStyleClass":"true","styles":["background-attachment:scroll","background-color:#374a58","background-position:left top","background-repeat:no-repeat","background-size:auto"]}},"b78468a7-5ce3-4c95-a844-5144bd792722":{"type":"scs-sectionlayout","id":"scs-sl-vertical","data":{"componentFactory":"scs-vertical","components":["a104b364-28da-435c-8d79-e8295cbc7a68"]}},"b923f3a9-bd38-4892-a94f-46733c3f7abd":{"type":"scs-sectionlayout","id":"scs-sl-two-columns","data":{"componentFactory":"scs-two-columns","customSettingsData":{"columnWidth1":20,"columnWidth2":80},"components":["ebf81d61-4356-48f0-8aca-e9ee9a0d32f4","fe44c10c-8528-49d8-ad70-730041f11fc1"],"borderColor":"#808080","borderRadius":0,"borderStyle":"none","borderWidth":1,"styleClass":"","useStyleClass":"true","styles":["background-attachment:scroll","background-color:","background-position:left top","background-repeat:no-repeat","background-size:auto"]}},"c7f61187-f383-420c-b2d6-6195e5b32eec":{"type":"scs-componentgroup","id":"scs-componentgroup","data":{"allowMove":false,"components":["a9a5c1be-6d54-41af-8d23-998ad884bb29"],"grid":"<div class=\"scs-row\"><div class=\"scs-col\" style=\"width: 100%;\"><div id=\"a9a5c1be-6d54-41af-8d23-998ad884bb29\"></div></div></div>"}},"a2ca1528-6e80-41fe-b1bd-6d047fe1ecf5":{"type":"scs-componentgroup","id":"scs-componentgroup","data":{"allowMove":false,"components":["a473a28c-1cb0-4255-a50a-8d8b1c83435a","f130be2c-e68b-4714-82d1-2a1f5adf1def"],"grid":"<div class=\"scs-row\"><div class=\"scs-col\" style=\"width: 100%;\"><div id=\"a473a28c-1cb0-4255-a50a-8d8b1c83435a\"></div><div id=\"f130be2c-e68b-4714-82d1-2a1f5adf1def\"></div></div></div>"}},"a4357421-cdbe-4278-95eb-374a8cbc35f4":{"type":"scs-button","id":"scs-button","data":{"actions":[],"alignment":"right","backgroundColor":"#DDDDDD","backgroundColorHover":"#EEEEEE","borderColor":"#808080","borderColorHover":"#2222DD","borderRadius":0,"borderStyle":"solid","borderWidth":1,"fontColor":"#000000","fontColorHover":"#2222DD","fontFamily":"'Helvetica Neue', Helvetica, Arial, sans-serif","fontSize":14,"height":0,"href":"","hrefContentViewing":"","hrefName":"","isCobrowse":"","linkType":"scs-link-no-link","marginBottom":5,"marginLeft":5,"marginRight":5,"marginTop":5,"styleClass":"","styleClassName":"","target":"_self","text":"REQUEST A DEMO","title":"DemoRequest","useStyleClass":"true","visible":true,"width":0}},"f1777ae1-b66c-4198-95a9-5a4084111e92":{"type":"scs-sectionlayout","id":"scs-sl-vertical","data":{"componentFactory":"scs-vertical","components":["adc251f9-6d04-44b6-bc70-91060237c1f6","d0e63d65-f20d-4bf4-b8ed-fb7da8bfbd0d","ada645f0-93f1-4c2b-9b3d-7ab288244852"]}},"bda4e9d7-629a-49ca-ae5d-7be5571d5361":{"type":"scs-paragraph","id":"scs-paragraph","data":{"alignment":"fill","backgroundColor":"","borderColor":"#808080","borderRadius":0,"borderStyle":"none","borderWidth":1,"fontColor":"#333333","fontFamily":"'Helvetica Neue', Helvetica, Arial, sans-serif","fontSize":16,"innerHTML":"<div><!-- ko if: visible --><div class=\"scs-paragraph  scs-component scs-paragraph-default-style\" style=\"margin-top:0px;margin-right:5px;margin-bottom:5px;margin-left:5px;\"><div class=\"scs-component-content\" data-bind=\"scsCompSetupLightbox\" style=\"text-align:left;width:100%;\"><div class=\"scs-paragraph-text\" style=\"\"><div><p style=\"text-align:left\"><span style=\"font-family:Verdana,Geneva,sans-serif\"><span style=\"font-size:18px\">I'm a paragraph. Click here to add your own text and edit me. I’m a great place for you to tell a story and let your users know a little more about you.​</span></span></p></div></div></div></div><!-- /ko --></div>","marginBottom":5,"marginLeft":5,"marginRight":5,"marginTop":0,"placeholderText":"","styleClass":"","styleClassName":"","styleClassTag":"","toolbarGroups":"","useStyleClass":"true","userText":"<div><p style=\"text-align:left\"><span style=\"font-family:Verdana,Geneva,sans-serif\"><span style=\"font-size:18px\">I'm a paragraph. Click here to add your own text and edit me. I’m a great place for you to tell a story and let your users know a little more about you.​</span></span></p></div>","visible":true,"width":400}},"bda4b618-2aa1-4cac-951e-678f86e690a0":{"type":"scs-componentgroup","id":"scs-componentgroup","data":{"allowMove":false,"components":["bbb9e06a-a905-4baa-8cea-3f0349d9d259"],"grid":"<div class=\"scs-row\"><div class=\"scs-col\" style=\"width: 100%;\"><div id=\"bbb9e06a-a905-4baa-8cea-3f0349d9d259\"></div></div></div>"}},"a473a28c-1cb0-4255-a50a-8d8b1c83435a":{"type":"scs-title","id":"scs-title","data":{"alignment":"fill","backgroundColor":"","borderColor":"#808080","borderRadius":0,"borderStyle":"none","borderWidth":1,"fontColor":"#333333","fontFamily":"'Helvetica Neue', Helvetica, Arial, sans-serif","fontSize":24,"innerHTML":"<div><!-- ko if: visible --><div class=\"scs-title  scs-component scs-title-default-style\" style=\"margin-top:0px;margin-right:5px;margin-bottom:0px;margin-left:5px;\"><div class=\"scs-component-content\" data-bind=\"scsCompSetupLightbox\" style=\"text-align:left;width:100%;\"><div class=\"scs-title-text\" style=\"\"><div><p style=\"text-align:left\"><span style=\"font-family:Verdana,Geneva,sans-serif\"><span style=\"font-size:24px\">Jenny Van Bingen, CEO</span></span></p></div></div></div></div><!-- /ko --></div>","marginBottom":0,"marginLeft":5,"marginRight":5,"marginTop":0,"placeholderText":"","styleClass":"","styleClassName":"","styleClassTag":"","toolbarGroups":"","useStyleClass":"true","userText":"<div><p style=\"text-align:left\"><span style=\"font-family:Verdana,Geneva,sans-serif\"><span style=\"font-size:24px\">Jenny Van Bingen, CEO</span></span></p></div>","visible":true,"width":400}},"b4e79741-7304-487a-bebf-f87885286879":{"type":"scs-image","id":"scs-image","data":{"alignment":"fill","altText":"","borderColor":"#808080","borderRadius":0,"borderStyle":"none","borderWidth":1,"caption":"","contentViewing":"","imageHref":"","imageHrefContentViewing":"","imageHrefName":"","imageName":"Divider2.jpg","imageTarget":"_self","imageUrl":"/documents/link/web?IdcService=GET_FILE&dLinkID=LDE9BB1B1887BBE1D68FD1B5D4018AFDB5A0208E7CDD&item=fFileGUID:DE5A8014CB9D956963772628D4018AFDB5A0208E7CDD&scsOriginalFileName=Divider2.jpg","linkType":"scs-link-no-link","marginBottom":5,"marginLeft":20,"marginRight":20,"marginTop":5,"styleClass":"","title":"","useStyleClass":"true","visible":true,"width":300}},"de38dd8e-1f22-45a9-ae7d-8a253f888ff9":{"type":"scs-sectionlayout","id":"scs-sl-two-columns","data":{"componentFactory":"scs-two-columns","customSettingsData":{"columnWidth1":20,"columnWidth2":80},"components":["c7f61187-f383-420c-b2d6-6195e5b32eec","a2ca1528-6e80-41fe-b1bd-6d047fe1ecf5"],"borderColor":"#808080","borderRadius":0,"borderStyle":"none","borderWidth":1,"styleClass":"","useStyleClass":"true","styles":["background-attachment:scroll","background-color:","background-position:left top","background-repeat:no-repeat","background-size:auto"]}},"e6d46196-8b0c-4c7b-bfc2-5df51db48143":{"type":"scs-componentgroup","id":"scs-componentgroup","data":{"allowMove":false,"components":["a4d1779f-9ffa-4597-84d0-4c15fa2c9bb8"],"grid":"<div class=\"scs-row\"><div class=\"scs-col\" style=\"width: 100%;\"><div id=\"a4d1779f-9ffa-4597-84d0-4c15fa2c9bb8\"></div></div></div>"}},"bbb9e06a-a905-4baa-8cea-3f0349d9d259":{"type":"scs-sectionlayout","id":"scs-sl-vertical","data":{"componentFactory":"scs-vertical","components":["de38dd8e-1f22-45a9-ae7d-8a253f888ff9","bfd7967e-f410-4235-87e7-196a7d6a831b","b923f3a9-bd38-4892-a94f-46733c3f7abd","e1a35e79-220f-4467-becd-d62a30cf1840"]}},"f7493efd-502c-478b-a534-1e12de6e3338":{"type":"scs-title","id":"scs-title","data":{"alignment":"fill","backgroundColor":"","borderColor":"#808080","borderRadius":0,"borderStyle":"none","borderWidth":1,"fontColor":"#333333","fontFamily":"'Helvetica Neue', Helvetica, Arial, sans-serif","fontSize":24,"innerHTML":"<div><!-- ko if: visible --><div class=\"scs-title  scs-component scs-title-default-style\" style=\"margin-top:5px;margin-right:5px;margin-bottom:5px;margin-left:5px;\"><div class=\"scs-component-content\" data-bind=\"scsCompSetupLightbox\" style=\"text-align:left;width:100%;\"><div class=\"scs-title-text\" style=\"\"><div><p style=\"text-align:left\"><span style=\"font-family:Verdana,Geneva,sans-serif\"><span style=\"font-size:24px\">Need more details?&nbsp; Contact us</span></span></p></div></div></div></div><!-- /ko --></div>","marginBottom":5,"marginLeft":5,"marginRight":5,"marginTop":5,"placeholderText":"","styleClass":"","styleClassName":"","styleClassTag":"","toolbarGroups":"","useStyleClass":"true","userText":"<div><p style=\"text-align:left\"><span style=\"font-family:Verdana,Geneva,sans-serif\"><span style=\"font-size:24px\">Need more details?&nbsp; Contact us</span></span></p></div>","visible":true,"width":400}},"c12e7fd7-2cd1-4139-badd-664ad4465802":{"type":"scs-image","id":"scs-image","data":{"alignment":"fill","altText":"","borderColor":"#808080","borderRadius":0,"borderStyle":"none","borderWidth":1,"caption":"","contentViewing":"","imageHref":"","imageHrefContentViewing":"","imageHrefName":"","imageName":"HR.png","imageTarget":"_self","imageUrl":"/documents/link/web?IdcService=GET_FILE&dLinkID=LD05538A2839DB10EB6F5706D4018AFDB5A0208E7CDD&item=fFileGUID:D7AAB092C880C15724ED52A8D4018AFDB5A0208E7CDD&scsOriginalFileName=HR.png","linkType":"scs-link-no-link","marginBottom":5,"marginLeft":5,"marginRight":5,"marginTop":5,"styleClass":"","title":"","useStyleClass":"true","visible":true,"width":300}},"ebf81d61-4356-48f0-8aca-e9ee9a0d32f4":{"type":"scs-componentgroup","id":"scs-componentgroup","data":{"allowMove":false,"components":["c12e7fd7-2cd1-4139-badd-664ad4465802"],"grid":"<div class=\"scs-row\"><div class=\"scs-col\" style=\"width: 100%;\"><div id=\"c12e7fd7-2cd1-4139-badd-664ad4465802\"></div></div></div>"}},"a66e35e3-24dd-414b-b766-c8ee6bbbda6a":{"type":"scs-paragraph","id":"scs-paragraph","data":{"alignment":"fill","backgroundColor":"","borderColor":"#808080","borderRadius":0,"borderStyle":"none","borderWidth":1,"fontColor":"#333333","fontFamily":"'Helvetica Neue', Helvetica, Arial, sans-serif","fontSize":16,"innerHTML":"<div><!-- ko if: visible --><div class=\"scs-paragraph  scs-component scs-paragraph-default-style\" style=\"margin-top:50px;margin-right:100px;margin-bottom:50px;margin-left:50px;\"><div class=\"scs-component-content\" data-bind=\"scsCompSetupLightbox\" style=\"text-align:left;width:100%;\"><div class=\"scs-paragraph-text\" style=\"\"><div><p style=\"text-align:left\"><span style=\"font-family:Verdana,Geneva,sans-serif\"><span style=\"font-size:20px\">I'm a paragraph. Click here to add your own text and edit me. It’s easy. Just click “Edit Text” or double click me to add your own content and make changes to the font. Feel free to drag and drop me anywhere you like on your page. I’m a great place for you to tell a story and let your users know a little more about you.</span></span><span style=\"font-family:Verdana,Geneva,sans-serif\"><span style=\"font-size:20px\"></span></span></p><p style=\"text-align:left\"><span style=\"font-family:Verdana,Geneva,sans-serif\"><span style=\"font-size:20px\"></span></span></p><p style=\"text-align:left\"><span style=\"font-family:Verdana,Geneva,sans-serif\"><span style=\"font-size:20px\">This is a great space to write long text about your company and your services. You can use this space to go into a little more detail about your company. Talk about your team and what services you provide.&nbsp;</span></span></p></div></div></div></div><!-- /ko --></div>","marginBottom":50,"marginLeft":50,"marginRight":100,"marginTop":50,"placeholderText":"","styleClass":"","styleClassName":"","styleClassTag":"","toolbarGroups":"","useStyleClass":"true","userText":"<div><p style=\"text-align:left\"><span style=\"font-family:Verdana,Geneva,sans-serif\"><span style=\"font-size:20px\">I'm a paragraph. Click here to add your own text and edit me. It’s easy. Just click “Edit Text” or double click me to add your own content and make changes to the font. Feel free to drag and drop me anywhere you like on your page. I’m a great place for you to tell a story and let your users know a little more about you.</span></span><span style=\"font-family:Verdana,Geneva,sans-serif\"><span style=\"font-size:20px\"></span></span></p><p style=\"text-align:left\"><span style=\"font-family:Verdana,Geneva,sans-serif\"><span style=\"font-size:20px\"></span></span></p><p style=\"text-align:left\"><span style=\"font-family:Verdana,Geneva,sans-serif\"><span style=\"font-size:20px\">This is a great space to write long text about your company and your services. You can use this space to go into a little more detail about your company. Talk about your team and what services you provide.&nbsp;</span></span></p></div>","visible":true,"width":400}},"bfa39739-438d-4e43-8917-a69a065931bb":{"type":"scs-componentgroup","id":"scs-componentgroup","data":{"allowMove":false,"components":["b0cd5bd5-553d-45e2-b258-e0fcf0528bcd","cf357627-74c7-4e3d-89e0-f23eab4064bc"],"grid":"<div class=\"scs-row\"><div class=\"scs-col\" style=\"width: 100%;\"><div id=\"b0cd5bd5-553d-45e2-b258-e0fcf0528bcd\"></div><div id=\"cf357627-74c7-4e3d-89e0-f23eab4064bc\"></div></div></div>"}},"ada645f0-93f1-4c2b-9b3d-7ab288244852":{"type":"scs-sectionlayout","id":"scs-sl-two-columns","data":{"componentFactory":"scs-two-columns","customSettingsData":{"columnWidth1":70,"columnWidth2":30},"components":["f7a863b2-d1f2-4b05-b54a-6949fdfc8baf","e6d46196-8b0c-4c7b-bfc2-5df51db48143"],"borderColor":"#808080","borderRadius":0,"borderStyle":"none","borderWidth":1,"styleClass":"","useStyleClass":"true","styles":["background-attachment:scroll","background-color:","background-position:left top","background-repeat:no-repeat","background-size:auto"]}},"bce03805-f3e8-4fcc-ae32-c05c99dea421":{"type":"scs-title","id":"scs-title","data":{"alignment":"fill","backgroundColor":"","borderColor":"#808080","borderRadius":0,"borderStyle":"none","borderWidth":1,"fontColor":"#333333","fontFamily":"'Helvetica Neue', Helvetica, Arial, sans-serif","fontSize":24,"innerHTML":"<div><!-- ko if: visible --><div class=\"scs-title  scs-component scs-title-default-style\" style=\"margin-top:50px;margin-right:30px;margin-bottom:5px;margin-left:30px;\"><div class=\"scs-component-content\" data-bind=\"scsCompSetupLightbox\" style=\"text-align:left;width:100%;\"><div class=\"scs-title-text\" style=\"\"><div><p><span style=\"font-family:Verdana,Geneva,sans-serif\"><span style=\"font-size:36px\">ABOUT US</span></span><span style=\"font-size:36px\"></span></p></div></div></div></div><!-- /ko --></div>","marginBottom":5,"marginLeft":30,"marginRight":30,"marginTop":50,"placeholderText":"","styleClass":"","styleClassName":"","styleClassTag":"","toolbarGroups":"","useStyleClass":"true","userText":"<div><p><span style=\"font-family:Verdana,Geneva,sans-serif\"><span style=\"font-size:36px\">ABOUT US</span></span><span style=\"font-size:36px\"></span></p></div>","visible":true,"width":400}},"c4e2e406-8dd4-41a6-9197-bde4654cfb8a":{"type":"scs-socialbar","id":"scs-socialbar","data":{"alignment":"center","backgroundColor":"","borderColor":"#808080","borderRadius":0,"borderStyle":"none","borderWidth":1,"iconSize":28,"iconSpacing":10,"images":[{"source":"","name":"COMP_ICON_FACEBOOK","class":"scs-facebook-icon","title":"","altText":"","description":"","link":"http://www.facebook.com","target":["_blank"]},{"source":"","name":"COMP_ICON_LINKEDIN","class":"scs-linkedin-icon","title":"","altText":"","description":"","link":"http://www.linkedin.com","target":["_blank"]},{"source":"","name":"COMP_ICON_TWITTER","class":"scs-twitter-icon","title":"","altText":"","description":"","link":"http://www.twitter.com","target":["_blank"]},{"source":"","name":"COMP_ICON_GOOGLEPLUS","class":"scs-googleplus-icon","title":"","altText":"","description":"","link":"http://plus.google.com","target":["_blank"]},{"source":"","name":"COMP_ICON_YOUTUBE","class":"scs-youtube-icon","title":"","altText":"","description":"","link":"http://www.youtube.com","target":["_blank"]}],"layout":"horizontal","marginBottom":50,"marginLeft":50,"marginRight":50,"marginTop":50,"styleClass":"","useStyleClass":"true","visible":true}},"f130be2c-e68b-4714-82d1-2a1f5adf1def":{"type":"scs-paragraph","id":"scs-paragraph","data":{"alignment":"fill","backgroundColor":"","borderColor":"#808080","borderRadius":0,"borderStyle":"none","borderWidth":1,"fontColor":"#333333","fontFamily":"'Helvetica Neue', Helvetica, Arial, sans-serif","fontSize":16,"innerHTML":"<div><!-- ko if: visible --><div class=\"scs-paragraph  scs-component scs-paragraph-default-style\" style=\"margin-top:0px;margin-right:100px;margin-bottom:5px;margin-left:5px;\"><div class=\"scs-component-content\" data-bind=\"scsCompSetupLightbox\" style=\"text-align:left;width:100%;\"><div class=\"scs-paragraph-text\" style=\"\"><div><p style=\"text-align:left\"><span style=\"font-family:Verdana,Geneva,sans-serif\"><span style=\"font-size:18px\">I'm a paragraph. Click here to add your own text and edit me. I’m a great place for you to tell a story and let your users know a little more about you.​</span></span></p></div></div></div></div><!-- /ko --></div>","marginBottom":5,"marginLeft":5,"marginRight":100,"marginTop":0,"placeholderText":"","styleClass":"","styleClassName":"","styleClassTag":"","toolbarGroups":"","useStyleClass":"true","userText":"<div><p style=\"text-align:left\"><span style=\"font-family:Verdana,Geneva,sans-serif\"><span style=\"font-size:18px\">I'm a paragraph. Click here to add your own text and edit me. I’m a great place for you to tell a story and let your users know a little more about you.​</span></span></p></div>","visible":true,"width":400}}}}
